Giloy,https://1mg.com/ayurveda/giloy-24
Giloy Ghan Vati,https://1mg.com/ayurveda/giloy-ghan-vati-304
Ginger,https://1mg.com/ayurveda/ginger-32
Ginkgo biloba,https://1mg.com/ayurveda/ginkgo-biloba-265
Gokshura,https://1mg.com/ayurveda/gokshura-29
Gokshuradi Guggulu,https://1mg.com/ayurveda/gokshuradi-guggulu-258
Grapes,https://1mg.com/ayurveda/grapes-121
Green Tea,https://1mg.com/ayurveda/green-tea-238
Green coffee,https://1mg.com/ayurveda/green-coffee-4
Guava,https://1mg.com/ayurveda/guava-110
Gudmar,https://1mg.com/ayurveda/gudmar-86
Guggul,https://1mg.com/ayurveda/guggul-157
Hadjod,https://1mg.com/ayurveda/hadjod-200
Harad,https://1mg.com/ayurveda/harad-52
Hibiscus,https://1mg.com/ayurveda/hibiscus-111
Himalayan Salt,https://1mg.com/ayurveda/himalayan-salt-26
Himsra,https://1mg.com/ayurveda/himsra-235
Hing,https://1mg.com/ayurveda/hing-141
Hingula Bhasma,https://1mg.com/ayurveda/hingula-bhasma-306
Hingwashtak Churna,https://1mg.com/ayurveda/hingwashtak-churna-267
Honey,https://1mg.com/ayurveda/honey-13
Isabgol,https://1mg.com/ayurveda/isabgol-65
Jaggery,https://1mg.com/ayurveda/jaggery-202
Jamun,https://1mg.com/ayurveda/jamun-71
Jasmine,https://1mg.com/ayurveda/jasmine-197
Jatamansi,https://1mg.com/ayurveda/jatamansi-175
Jatyadi Ghrita,https://1mg.com/ayurveda/jatyadi-ghrita-292
Jhau,https://1mg.com/ayurveda/jhau-234
Jivak,https://1mg.com/ayurveda/jivak-199
Jojoba,https://1mg.com/ayurveda/jojoba-44
Kachnar,https://1mg.com/ayurveda/kachnar-212
Kachur,https://1mg.com/ayurveda/kachur-66
Kali Musli,https://1mg.com/ayurveda/kali-musli-279
Kalijiri,https://1mg.com/ayurveda/kalijiri-237
Kalimirch,https://1mg.com/ayurveda/kalimirch-34
Kalmegh,https://1mg.com/ayurveda/kalmegh-48
Kalonji,https://1mg.com/ayurveda/kalonji-130
Kanakasava,https://1mg.com/ayurveda/kanakasava-283
Kanchnar Guggulu,https://1mg.com/ayurveda/kanchnar-guggulu-260
Kantakari,https://1mg.com/ayurveda/kantakari-178
Karanja,https://1mg.com/ayurveda/karanja-50
Karela,https://1mg.com/ayurveda/karela-62
Karkatshringi,https://1mg.com/ayurveda/karkatshringi-185
Kasani,https://1mg.com/ayurveda/kasani-56
Kasmard,https://1mg.com/ayurveda/kasmard-236
Kaunch beej,https://1mg.com/ayurveda/kaunch-beej-73
Khadir,https://1mg.com/ayurveda/khadir-194
Khadiradi Vati,https://1mg.com/ayurveda/khadiradi-vati-275
Khadirarishta,https://1mg.com/ayurveda/khadirarishta-250
Khas,https://1mg.com/ayurveda/khas-172
Kidney Beans,https://1mg.com/ayurveda/kidney-beans-164
Kokilaksha,https://1mg.com/ayurveda/kokilaksha-160
Kokum,https://1mg.com/ayurveda/kokum-176
Kuchla,https://1mg.com/ayurveda/kuchla-75
Kulthi,https://1mg.com/ayurveda/kulthi-257
Kumaryasava,https://1mg.com/ayurveda/kumaryasava-259
Kushmanda Rasayana,https://1mg.com/ayurveda/kushmanda-rasayana-289
Kutaj,https://1mg.com/ayurveda/kutaj-159
Kutajarishta,https://1mg.com/ayurveda/kutajarishta-269
Kutajghan Vati,https://1mg.com/ayurveda/kutajghan-vati-300
Kutaki,https://1mg.com/ayurveda/kutaki-69
Kuth,https://1mg.com/ayurveda/kuth-182
LAVENDER,https://1mg.com/ayurveda/lavender-213
Lady finger,https://1mg.com/ayurveda/lady-finger-137
Lajvanti,https://1mg.com/ayurveda/lajvanti-225
Lakshadi Guggul,https://1mg.com/ayurveda/lakshadi-guggul-268
Lavan Bhaskar Churna,https://1mg.com/ayurveda/lavan-bhaskar-churna-295
Lavangadi Vati,https://1mg.com/ayurveda/lavangadi-vati-284
Lemon,https://1mg.com/ayurveda/lemon-61
Lemongrass,https://1mg.com/ayurveda/lemongrass-170
Licorice,https://1mg.com/ayurveda/licorice-14
Lodhra,https://1mg.com/ayurveda/lodhra-145
Loha Bhasma,https://1mg.com/ayurveda/loha-bhasma-288
Lohasava,https://1mg.com/ayurveda/lohasava-272
Lotus,https://1mg.com/ayurveda/lotus-103
Mahasudarshan churna,https://1mg.com/ayurveda/mahasudarshan-churna-303
Majuphal,https://1mg.com/ayurveda/majuphal-230
Makhana,https://1mg.com/ayurveda/makhana-144
Malkangani,https://1mg.com/ayurveda/malkangani-174
Mandukaparni,https://1mg.com/ayurveda/mandukaparni-222
Mango,https://1mg.com/ayurveda/mango-135
Manjistha,https://1mg.com/ayurveda/manjistha-156
Masoor Dal,https://1mg.com/ayurveda/masoor-dal-239
Mehendi,https://1mg.com/ayurveda/mehendi-108
Milk thistle,https://1mg.com/ayurveda/milk-thistle-252
Mooli,https://1mg.com/ayurveda/mooli-67
Moringa,https://1mg.com/ayurveda/moringa-168
Multani mitti,https://1mg.com/ayurveda/multani-mitti-38
Munakka,https://1mg.com/ayurveda/munakka-78
Mung daal,https://1mg.com/ayurveda/mung-daal-205
Muskmelon,https://1mg.com/ayurveda/muskmelon-136
Mustard oil,https://1mg.com/ayurveda/mustard-oil-189
Nagarmotha,https://1mg.com/ayurveda/nagarmotha-58
Nagkesar,https://1mg.com/ayurveda/nagkesar-173
Neem,https://1mg.com/ayurveda/neem-15
Nirgundi,https://1mg.com/ayurveda/nirgundi-192
Nisoth,https://1mg.com/ayurveda/nisoth-60
Nutmeg,https://1mg.com/ayurveda/nutmeg-162
Oats,https://1mg.com/ayurveda/oats-166
Olive oil,https://1mg.com/ayurveda/olive-oil-5
Onion,https://1mg.com/ayurveda/onion-100
Orange,https://1mg.com/ayurveda/orange-81
Padmak,https://1mg.com/ayurveda/padmak-203
Palash,https://1mg.com/ayurveda/palash-53
Panchatikta Ghrita,https://1mg.com/ayurveda/panchatikta-ghrita-277
Panchsakar Churna,https://1mg.com/ayurveda/panchsakar-churna-296
Paneer,https://1mg.com/ayurveda/paneer-119
Paneer Dodi,https://1mg.com/ayurveda/paneer-dodi-278
Papaya,https://1mg.com/ayurveda/papaya-85
Parijat,https://1mg.com/ayurveda/parijat-249
Pashanbhed,https://1mg.com/ayurveda/pashanbhed-224
Patala,https://1mg.com/ayurveda/patala-291
Patha,https://1mg.com/ayurveda/patha-181
Peanut,https://1mg.com/ayurveda/peanut-99
Pear,https://1mg.com/ayurveda/pear-140
Peas,https://1mg.com/ayurveda/peas-139
Peepal,https://1mg.com/ayurveda/peepal-198
Pippali,https://1mg.com/ayurveda/pippali-169
Pistachio,https://1mg.com/ayurveda/pistachio-149
Pittapapada,https://1mg.com/ayurveda/pittapapada-214
Plum,https://1mg.com/ayurveda/plum-122
Pomegranate,https://1mg.com/ayurveda/pomegranate-82
Potato,https://1mg.com/ayurveda/potato-104
Prabhakar Vati,https://1mg.com/ayurveda/prabhakar-vati-286
Pudina,https://1mg.com/ayurveda/pudina-83
Pumpkin,https://1mg.com/ayurveda/pumpkin-109
Punarnava,https://1mg.com/ayurveda/punarnava-158
Punarnavadi Mandoor,https://1mg.com/ayurveda/punarnavadi-mandoor-262
Pushyanug Churna,https://1mg.com/ayurveda/pushyanug-churna-293
Quinoa,https://1mg.com/ayurveda/quinoa-243
RASNA,https://1mg.com/ayurveda/rasna-223
Ragi,https://1mg.com/ayurveda/ragi-123
Red Sandalwood,https://1mg.com/ayurveda/red-sandalwood-206
Reetha,https://1mg.com/ayurveda/reetha-46
Revand Chini,https://1mg.com/ayurveda/revand-chini-76
Rose,https://1mg.com/ayurveda/rose-105
Rosemary,https://1mg.com/ayurveda/rosemary-245
Sabudana,https://1mg.com/ayurveda/sabudana-120
Safed Musli,https://1mg.com/ayurveda/safed-musli-18
Saffron (Kesar),https://1mg.com/ayurveda/saffron-kesar-21
Sal Tree,https://1mg.com/ayurveda/sal-tree-40
Sandalwood,https://1mg.com/ayurveda/sandalwood-210
Sanjivani Vati,https://1mg.com/ayurveda/sanjivani-vati-290
Saraswatarishta,https://1mg.com/ayurveda/saraswatarishta-253
Sarivadyasava,https://1mg.com/ayurveda/sarivadyasava-294
Sarpagandha,https://1mg.com/ayurveda/sarpagandha-256
Senna,https://1mg.com/ayurveda/senna-226
Sesame seeds,https://1mg.com/ayurveda/sesame-seeds-117
Shallaki,https://1mg.com/ayurveda/shallaki-177
Shalparni,https://1mg.com/ayurveda/shalparni-183
Shankh Bhasma,https://1mg.com/ayurveda/shankh-bhasma-276
Shankhpushpi,https://1mg.com/ayurveda/shankhpushpi-43
Shatavari,https://1mg.com/ayurveda/shatavari-37
Shea Butter,https://1mg.com/ayurveda/shea-butter-216
Sheetal Chini,https://1mg.com/ayurveda/sheetal-chini-219
Shikakai,https://1mg.com/ayurveda/shikakai-153
Shilajit,https://1mg.com/ayurveda/shilajit-11
Singhnad Guggul,https://1mg.com/ayurveda/singhnad-guggul-301
Sitopaladi Churna,https://1mg.com/ayurveda/sitopaladi-churna-255
Soybean,https://1mg.com/ayurveda/soybean-244
Spinach,https://1mg.com/ayurveda/spinach-90
Stevia,https://1mg.com/ayurveda/stevia-221
Stone Flower,https://1mg.com/ayurveda/stone-flower-231
Strawberry,https://1mg.com/ayurveda/strawberry-113
Suddh Suahaga,https://1mg.com/ayurveda/suddh-suahaga-47
Sunflower,https://1mg.com/ayurveda/sunflower-114
Swarna Bhasma,https://1mg.com/ayurveda/swarna-bhasma-251
Sweet potato,https://1mg.com/ayurveda/sweet-potato-138
Tagar,https://1mg.com/ayurveda/tagar-191
Talisadi Churna,https://1mg.com/ayurveda/talisadi-churna-297
Tamarind,https://1mg.com/ayurveda/tamarind-39
Tea tree oil,https://1mg.com/ayurveda/tea-tree-oil-35
Tejpatta,https://1mg.com/ayurveda/tejpatta-36
Toor Dal,https://1mg.com/ayurveda/toor-dal-207
Trikatu Churna,https://1mg.com/ayurveda/trikatu-churna-299
Triphala,https://1mg.com/ayurveda/triphala-98
Triphala Ghrita,https://1mg.com/ayurveda/triphala-ghrita-263
Triphala Guggulu,https://1mg.com/ayurveda/triphala-guggulu-261
Tulsi,https://1mg.com/ayurveda/tulsi-12
Turmeric,https://1mg.com/ayurveda/turmeric-6
Urad dal,https://1mg.com/ayurveda/urad-dal-152
Vacha,https://1mg.com/ayurveda/vacha-22
Vanga Bhasma,https://1mg.com/ayurveda/vanga-bhasma-287
Varun,https://1mg.com/ayurveda/varun-148
Vasant Kusumakar Ras,https://1mg.com/ayurveda/vasant-kusumakar-ras-302
Vasavaleha,https://1mg.com/ayurveda/vasavaleha-274
Vatsnabh,https://1mg.com/ayurveda/vatsnabh-209
Vidanga,https://1mg.com/ayurveda/vidanga-49
Vidangarishta,https://1mg.com/ayurveda/vidangarishta-285
Vidarikand,https://1mg.com/ayurveda/vidarikand-187
Vijaysar,https://1mg.com/ayurveda/vijaysar-51
Walnut,https://1mg.com/ayurveda/walnut-94
Watermelon,https://1mg.com/ayurveda/watermelon-125
Wheat,https://1mg.com/ayurveda/wheat-116
Wheat germ,https://1mg.com/ayurveda/wheat-germ-211
Wheatgrass,https://1mg.com/ayurveda/wheatgrass-220
Yarrow,https://1mg.com/ayurveda/yarrow-232
Yavasa,https://1mg.com/ayurveda/yavasa-64